CREATE SCHEMA weightlifting;
SET search_path = weightlifting;

CREATE TABLE workout (
   "workout_id" INTEGER, 
   "workout_date" DATE
 );
 
INSERT INTO workout
    ("workout_id", "workout_date")
VALUES
   ( '1', '2022-06-05' ), 
   ( '2', '2022-06-07' ), 
   ( '3', '2022-06-09' ), 
   ( '4', '2022-06-11' ), 
   ( '5', '2022-06-12' ), 
   ( '6', '2022-06-15' ), 
   ( '7', '2022-06-18' ), 
   ( '8', '2022-06-19' ), 
   ( '9', '2022-06-21' ), 
   ( '10', '2022-06-23' ), 
   ( '11', '2022-06-25' ), 
   ( '12', '2022-06-26' ), 
   ( '13', '2022-06-28' ), 
   ( '14', '2022-07-02' ), 
   ( '15', '2022-07-03' ), 
   ( '16', '2022-07-05' ), 
   ( '17', '2022-07-08' ), 
   ( '18', '2022-07-09' ), 
   ( '19', '2022-07-10' ), 
   ( '20', '2022-07-12' ), 
   ( '21', '2022-07-16' ), 
   ( '22', '2022-07-17' ), 
   ( '23', '2022-07-22' ), 
   ( '24', '2022-07-24' ), 
   ( '25', '2022-07-26' ), 
   ( '26', '2022-07-30' ), 
   ( '27', '2022-08-02' ), 
   ( '28', '2022-08-05' ), 
   ( '29', '2022-08-07' ), 
   ( '30', '2022-08-09' ), 
   ( '31', '2022-08-11' ), 
   ( '32', '2022-08-18' ), 
   ( '33', '2022-08-20' ), 
   ( '34', '2022-08-21' ), 
   ( '35', '2022-08-23' ), 
   ( '36', '2022-08-25' ), 
   ( '37', '2022-08-26' ), 
   ( '38', '2022-08-30' );

CREATE TABLE lifts (
   "workout_id" INTEGER,
   "exercise_id" INTEGER,
   "weight_lbs" FLOAT,
   "reps" INTEGER
);

INSERT INTO lifts
   ("workout_id", "exercise_id", "weight_lbs", "reps")
VALUES
   ( '1',  '4' , '45' , '5' ),
   ( '1',  '4' , '45' , '5' ),
   ( '1',  '4' , '50' , '4' ),
   ( '1',  '5' , '50' , '5' ),
   ( '1',  '5' , '55' , '5' ),
   ( '1',  '5' , '60' , '5' ),
   ( '1',  '2' , '50' , '5' ),
   ( '1',  '2' , '50' , '5' ),
   ( '1',  '2' , '55' , '5' ),
   ( '2',  '1' , '85' , '4' ),
   ( '2',  '1' , '85' , '4' ),
   ( '2',  '1' , '85' , '4' ),
   ( '2',  '1' , '95' , '2' ),
   ( '2',  '3' , '45' , '5' ),
   ( '2',  '3' , '50' , '5' ),
   ( '2',  '3' , '55' , '5' ),
   ( '2',  '3' , '60' , '3' ),
   ( '3',  '4' , '45' , '5' ),
   ( '3',  '4' , '50' , '4' ),
   ( '3',  '4' , '50' , '4' ),
   ( '3',  '5' , '55' , '5' ),
   ( '3',  '5' , '55' , '5' ),
   ( '3',  '5' , '60' , '5' ),
   ( '3',  '2' , '50' , '5' ),
   ( '3',  '2' , '55' , '5' ),
   ( '3',  '2' , '55' , '5' ),
   ( '3',  '4' , '45' , '6' ),
   ( '3',  '5' , '60' , '5' ),
   ( '3',  '2' , '50' , '6' ),
   ( '4',  '1' , '75' , '5' ),
   ( '4',  '1' , '80' , '5' ),
   ( '4',  '1' , '80' , '5' ),
   ( '4',  '1' , '80' , '5' ),
   ( '4',  '1' , '85' , '5' ),
   ( '4',  '3' , '50' , '5' ),
   ( '4',  '3' , '50' , '5' ),
   ( '4',  '3' , '55' , '5' ),
   ( '4',  '3' , '55' , '5' ),
   ( '4',  '3' , '60' , '5' ),
   ( '5',  '4' , '45' , '5' ),
   ( '5',  '4' , '45' , '5' ),
   ( '5',  '4' , '45' , '5' ),
   ( '5',  '4' , '45' , '5' ),
   ( '5',  '5' , '55' , '5' ),
   ( '5',  '5' , '55' , '5' ),
   ( '5',  '5' , '60' , '5' ),
   ( '5',  '5' , '60' , '5' ),
   ( '5',  '2' , '55' , '5' ),
   ( '5',  '2' , '55' , '5' ),
   ( '5',  '2' , '55' , '5' ),
   ( '5',  '2' , '55' , '5' ),
   ( '5',  '4' , '45' , '5' ),
   ( '5',  '5' , '65' , '3' ),
   ( '5',  '2' , '55' , '5' ),
   ( '6',  '1' , '88' , '5' ),
   ( '6',  '1' , '88' , '5' ),
   ( '6',  '1' , '88' , '5' ),
   ( '6',  '1' , '88' , '5' ),
   ( '6',  '3' , '55' , '5' ),
   ( '6',  '3' , '55' , '5' ),
   ( '6',  '3' , '55' , '5' ),
   ( '6',  '3' , '60' , '5' ),
   ( '6',  '1' , '83' , '8' ),
   ( '6',  '3' , '60' , '5' ),
   ( '7',  '1' , '90' , '5' ),
   ( '7',  '1' , '90' , '5' ),
   ( '7',  '1' , '90' , '5' ),
   ( '7',  '1' , '95' , '3' ),
   ( '7',  '1' , '95' , '3' ),
   ( '7',  '3' , '55' , '5' ),
   ( '7',  '3' , '60' , '5' ),
   ( '7',  '3' , '60' , '5' ),
   ( '7',  '3' , '60' , '5' ),
   ( '7',  '3' , '55' , '5' ),
   ( '8',  '2' , '55' , '6' ),
   ( '8',  '2' , '55' , '6' ),
   ( '8',  '2' , '55' , '6' ),
   ( '8',  '2' , '55' , '6' ),
   ( '8',  '5' , '60' , '6' ),
   ( '8',  '5' , '60' , '6' ),
   ( '8',  '5' , '60' , '6' ),
   ( '8',  '5' , '60' , '6' ),
   ( '8',  '4' , '45' , '6' ),
   ( '8',  '4' , '45' , '6' ),
   ( '8',  '4' , '45' , '6' ),
   ( '8',  '4' , '45' , '6' ),
   ( '9',  '1' , '95' , '3' ),
   ( '9',  '1' , '95' , '3' ),
   ( '9',  '1' , '95' , '3' ),
   ( '9',  '1' , '95' , '4' ),
   ( '9',  '1' , '95' , '5' ),
   ( '9',  '3' , '60' , '5' ),
   ( '9',  '3' , '60' , '5' ),
   ( '9',  '3' , '60' , '5' ),
   ( '9',  '3' , '60' , '5' ),
   ( '9',  '3' , '60' , '5' ),
   ( '10',  '2' , '60' , '2' ),
   ( '10',  '2' , '60' , '2' ),
   ( '10',  '2' , '60' , '2' ),
   ( '10',  '2' , '60' , '2' ),
   ( '10',  '5' , '65' , '3' ),
   ( '10',  '4' , '50' , '3' ),
   ( '10',  '4' , '50' , '3' ),
   ( '10',  '4' , '50' , '3' ),
   ( '10',  '4' , '45' , '5' ),
   ( '10',  '2' , '60' , '3' ),
   ( '10',  '5' , '65' , '3' ),
   ( '10',  '5' , '65' , '3' ),
   ( '10',  '5' , '65' , '3' ),
   ( '10',  '5' , '65' , '3' ),
   ( '10',  '4' , '45' , '5' ),
   ( '11',  '1' , '95' , '5' ),
   ( '11',  '1' , '95' , '5' ),
   ( '11',  '1' , '95' , '5' ),
   ( '11',  '1' , '100' , '3' ),
   ( '11',  '1' , '100' , '3' ),
   ( '11',  '3' , '60' , '5' ),
   ( '11',  '3' , '60' , '5' ),
   ( '11',  '3' , '60' , '5' ),
   ( '11',  '3' , '65' , '3' ),
   ( '11',  '3' , '65' , '3' ),
   ( '12',  '4' , '45' , '5' ),
   ( '12',  '4' , '50' , '3' ),
   ( '12',  '4' , '50' , '3' ),
   ( '12',  '4' , '50' , '3' ),
   ( '12',  '4' , '50' , '3' ),
   ( '12',  '2' , '60' , '3' ),
   ( '12',  '2' , '60' , '3' ),
   ( '12',  '2' , '60' , '3' ),
   ( '12',  '2' , '60' , '3' ),
   ( '12',  '2' , '60' , '3' ),
   ( '12',  '5' , '60' , '6' ),
   ( '12',  '5' , '60' , '6' ),
   ( '12',  '5' , '60' , '5' ),
   ( '12',  '5' , '60' , '5' ),
   ( '12',  '5' , '60' , '5' ),
   ( '13',  '1' , '95' , '5' ),
   ( '13',  '1' , '100' , '4' ),
   ( '13',  '1' , '100' , '4' ),
   ( '13',  '1' , '100' , '5' ),
   ( '13',  '1' , '105' , '4' ),
   ( '14',  '1' , '100' , '5' ),
   ( '14',  '1' , '105' , '5' ),
   ( '14',  '1' , '105' , '5' ),
   ( '14',  '1' , '110' , '3' ),
   ( '14',  '1' , '115' , '2' ),
   ( '14',  '3' , '60' , '5' ),
   ( '14',  '3' , '65' , '3' ),
   ( '14',  '3' , '65' , '3' ),
   ( '14',  '3' , '65' , '3' ),
   ( '14',  '3' , '65' , '5' ),
   ( '15',  '4' , '50' , '3' ),
   ( '15',  '4' , '50' , '3' ),
   ( '15',  '4' , '50' , '3' ),
   ( '15',  '4' , '50' , '3' ),
   ( '15',  '4' , '50' , '3' ),
   ( '15',  '2' , '60' , '4' ),
   ( '15',  '2' , '60' , '4' ),
   ( '15',  '2' , '60' , '4' ),
   ( '15',  '2' , '60' , '4' ),
   ( '15',  '2' , '60' , '4' ),
   ( '16',  '1' , '105' , '4' ),
   ( '16',  '1' , '110' , '3' ),
   ( '16',  '1' , '110' , '3' ),
   ( '16',  '1' , '110' , '3' ),
   ( '16',  '1' , '110' , '4' ),
   ( '16',  '3' , '65' , '4' ),
   ( '16',  '3' , '65' , '4' ),
   ( '16',  '3' , '65' , '5' ),
   ( '17',  '2' , '60' , '5' ),
   ( '17',  '2' , '60' , '5' ),
   ( '17',  '2' , '60' , '5' ),
   ( '17',  '2' , '60' , '5' ),
   ( '17',  '2' , '60' , '5' ),
   ( '17',  '4' , '50' , '3' ),
   ( '17',  '4' , '50' , '3' ),
   ( '17',  '4' , '50' , '3' ),
   ( '17',  '4' , '50' , '3' ),
   ( '17',  '4' , '50' , '4' ),
   ( '17',  '5' , '55' , '5' ),
   ( '17',  '5' , '55' , '5' ),
   ( '17',  '5' , '55' , '5' ),
   ( '17',  '5' , '60' , '3' ),
   ( '17',  '5' , '60' , '3' ),
   ( '18',  '1' , '110' , '4' ),
   ( '18',  '1' , '110' , '4' ),
   ( '18',  '1' , '110' , '4' ),
   ( '18',  '1' , '110' , '5' ),
   ( '18',  '1' , '110' , '5' ),
   ( '18',  '3' , '65' , '5' ),
   ( '18',  '3' , '65' , '5' ),
   ( '18',  '3' , '65' , '5' ),
   ( '18',  '3' , '70' , '2' ),
   ( '18',  '3' , '70' , '2' ),
   ( '19',  '2' , '60' , '5' ),
   ( '19',  '2' , '60' , '5' ),
   ( '19',  '2' , '60' , '5' ),
   ( '19',  '2' , '60' , '5' ),
   ( '19',  '2' , '60' , '5' ),
   ( '19',  '5' , '60' , '3' ),
   ( '19',  '5' , '60' , '3' ),
   ( '19',  '5' , '60' , '3' ),
   ( '19',  '5' , '60' , '4' ),
   ( '19',  '5' , '60' , '5' ),
   ( '19',  '4' , '45' , '5' ),
   ( '19',  '4' , '50' , '3' ),
   ( '19',  '4' , '50' , '4' ),
   ( '19',  '4' , '50' , '4' ),
   ( '19',  '4' , '50' , '4' ),
   ( '20',  '1' , '110' , '5' ),
   ( '20',  '1' , '110' , '5' ),
   ( '20',  '1' , '110' , '5' ),
   ( '20',  '1' , '115' , '3' ),
   ( '20',  '1' , '115' , '3' ),
   ( '20',  '3' , '65' , '5' ),
   ( '20',  '3' , '70' , '2' ),
   ( '20',  '3' , '70' , '2' ),
   ( '20',  '3' , '70' , '2' ),
   ( '20',  '3' , '70' , '2' ),
   ( '21',  '1' , '115' , '4' ),
   ( '21',  '1' , '115' , '4' ),
   ( '21',  '1' , '115' , '4' ),
   ( '21',  '1' , '115' , '4' ),
   ( '21',  '1' , '117.5' , '2' ),
   ( '21',  '3' , '70' , '3' ),
   ( '21',  '3' , '70' , '3' ),
   ( '21',  '3' , '70' , '3' ),
   ( '21',  '3' , '70' , '3' ),
   ( '21',  '3' , '70' , '3' ),
   ( '22',  '2' , '60' , '5' ),
   ( '22',  '2' , '62.5' , '2' ),
   ( '22',  '2' , '62.5' , '2' ),
   ( '22',  '2' , '62.5' , '2' ),
   ( '22',  '2' , '62.5' , '2' ),
   ( '22',  '4' , '47.5' , '3' ),
   ( '22',  '4' , '47.5' , '3' ),
   ( '22',  '4' , '47.5' , '3' ),
   ( '22',  '4' , '47.5' , '3' ),
   ( '22',  '4' , '47.5' , '3' ),
   ( '22',  '5' , '60' , '5' ),
   ( '22',  '5' , '60' , '5' ),
   ( '22',  '5' , '60' , '5' ),
   ( '22',  '5' , '62.5' , '4' ),
   ( '22',  '5' , '62.5' , '4' ),
   ( '23',  '1' , '115' , '5' ),
   ( '23',  '1' , '115' , '5' ),
   ( '23',  '1' , '115' , '5' ),
   ( '23',  '1' , '115' , '3' ),
   ( '23',  '1' , '115' , '3' ),
   ( '23',  '3' , '70' , '4' ),
   ( '23',  '3' , '65' , '5' ),
   ( '23',  '3' , '65' , '5' ),
   ( '23',  '3' , '65' , '5' ),
   ( '23',  '3' , '65' , '5' ),
   ( '24',  '2' , '55' , '7' ),
   ( '24',  '2' , '55' , '7' ),
   ( '24',  '2' , '55' , '7' ),
   ( '24',  '2' , '55' , '7' ),
   ( '24',  '4' , '40' , '7' ),
   ( '24',  '4' , '40' , '8' ),
   ( '24',  '4' , '40' , '8' ),
   ( '24',  '4' , '40' , '8' ),
   ( '24',  '5' , '55' , '7' ),
   ( '24',  '5' , '55' , '7' ),
   ( '24',  '5' , '55' , '7' ),
   ( '24',  '5' , '55' , '7' ),
   ( '25',  '1' , '105' , '8' ),
   ( '25',  '1' , '105' , '8' ),
   ( '25',  '1' , '110' , '6' ),
   ( '25',  '1' , '110' , '6' ),
   ( '25',  '3' , '60' , '8' ),
   ( '25',  '3' , '60' , '8' ),
   ( '25',  '3' , '60' , '8' ),
   ( '25',  '3' , '60' , '8' ),
   ( '26',  '1' , '110' , '6' ),
   ( '26',  '1' , '110' , '6' ),
   ( '26',  '1' , '110' , '6' ),
   ( '26',  '1' , '110' , '6' ),
   ( '26',  '3' , '62.5' , '6' ),
   ( '26',  '3' , '62.5' , '6' ),
   ( '26',  '3' , '62.5' , '6' ),
   ( '26',  '3' , '65' , '6' ),
   ( '27',  '1' , '95' , '8' ),
   ( '27',  '1' , '95' , '8' ),
   ( '27',  '1' , '100' , '6' ),
   ( '27',  '1' , '100' , '6' ),
   ( '27',  '3' , '70' , '3' ),
   ( '27',  '3' , '65' , '6' ),
   ( '27',  '3' , '65' , '6' ),
   ( '27',  '3' , '65' , '6' ),
   ( '28',  '3' , '60' , '8' ),
   ( '28',  '3' , '65' , '6' ),
   ( '28',  '3' , '65' , '6' ),
   ( '28',  '3' , '65' , '6' ),
   ( '29',  '2' , '55' , '8' ),
   ( '29',  '2' , '55' , '8' ),
   ( '29',  '2' , '55' , '8' ),
   ( '29',  '2' , '55' , '8' ),
   ( '29',  '5' , '55' , '8' ),
   ( '29',  '5' , '55' , '8' ),
   ( '29',  '5' , '55' , '8' ),
   ( '29',  '5' , '55' , '8' ),
   ( '29',  '4' , '45' , '6' ),
   ( '29',  '4' , '42.5' , '6' ),
   ( '29',  '4' , '42.5' , '6' ),
   ( '29',  '4' , '42.5' , '6' ),
   ( '30',  '1' , '100' , '6' ),
   ( '30',  '1' , '100' , '6' ),
   ( '30',  '1' , '100' , '6' ),
   ( '30',  '1' , '100' , '6' ),
   ( '30',  '3' , '65' , '7' ),
   ( '30',  '3' , '65' , '7' ),
   ( '30',  '3' , '65' , '7' ),
   ( '30',  '3' , '65' , '7' ),
   ( '31',  '2' , '60' , '6' ),
   ( '31',  '2' , '60' , '6' ),
   ( '31',  '2' , '60' , '6' ),
   ( '31',  '2' , '60' , '6' ),
   ( '31',  '5' , '60' , '6' ),
   ( '31',  '5' , '60' , '6' ),
   ( '31',  '5' , '60' , '6' ),
   ( '31',  '5' , '60' , '6' ),
   ( '31',  '4' , '42.5' , '7' ),
   ( '31',  '4' , '42.5' , '7' ),
   ( '31',  '4' , '42.5' , '7' ),
   ( '31',  '4' , '42.5' , '7' ),
   ( '32',  '1' , '105' , '6' ),
   ( '32',  '1' , '105' , '6' ),
   ( '32',  '1' , '105' , '6' ),
   ( '32',  '1' , '105' , '6' ),
   ( '32',  '3' , '65' , '6' ),
   ( '32',  '3' , '70' , '4' ),
   ( '32',  '3' , '65' , '6' ),
   ( '32',  '3' , '65' , '6' ),
   ( '33',  '3' , '65' , '8' ),
   ( '33',  '3' , '65' , '8' ),
   ( '33',  '3' , '65' , '8' ),
   ( '33',  '3' , '70' , '4' ),
   ( '34',  '2' , '60' , '5' ),
   ( '34',  '2' , '57.5' , '7' ),
   ( '34',  '2' , '57.5' , '7' ),
   ( '34',  '2' , '57.5' , '7' ),
   ( '34',  '4' , '42.5' , '8' ),
   ( '34',  '4' , '42.5' , '8' ),
   ( '34',  '4' , '42.5' , '8' ),
   ( '34',  '4' , '42.5' , '7' ),
   ( '34',  '5' , '63' , '5' ),
   ( '34',  '5' , '63' , '5' ),
   ( '34',  '5' , '63' , '4' ),
   ( '34',  '5' , '63' , '4' ),
   ( '35',  '1' , '105' , '6' ),
   ( '35',  '1' , '105' , '6' ),
   ( '35',  '1' , '105' , '6' ),
   ( '35',  '1' , '105' , '6' ),
   ( '35',  '3' , '70' , '4' ),
   ( '35',  '3' , '70' , '4' ),
   ( '35',  '3' , '70' , '4' ),
   ( '35',  '3' , '70' , '4' ),
   ( '36',  '2' , '55' , '8' ),
   ( '36',  '2' , '60' , '6' ),
   ( '36',  '2' , '60' , '6' ),
   ( '36',  '2' , '60' , '7' ),
   ( '36',  '5' , '60' , '6' ),
   ( '36',  '5' , '60' , '6' ),
   ( '36',  '5' , '60' , '6' ),
   ( '36',  '5' , '60' , '7' ),
   ( '37',  '1' , '95' , '8' ),
   ( '37',  '1' , '95' , '8' ),
   ( '37',  '1' , '100' , '6' ),
   ( '37',  '1' , '100' , '6' ),
   ( '37',  '3' , '70' , '5' ),
   ( '37',  '3' , '70' , '5' ),
   ( '37',  '3' , '70' , '5' ),
   ( '37',  '3' , '70' , '5' ),
   ( '38',  '1' , '95' , '6' ),
   ( '38',  '1' , '95' , '6' ),
   ( '38',  '1' , '95' , '6' ),
   ( '38',  '1' , '95' , '6' ),
   ( '38',  '3' , '65' , '5' ),
   ( '38',  '3' , '65' , '5' ),
   ( '38',  '3' , '65' , '5' ),
   ( '38',  '3' , '65' , '5' ),
   ( '38',  '3' , '65' , '5' ),
   ( '38',  '1' , '95' , '6' );

CREATE TABLE exercises (
  "exercise_id" INTEGER,
  "exercise_name" VARCHAR(50),
  "category_id" INTEGER
); 

INSERT INTO exercises 
   ("exercise_id", "exercise_name", "category_id")
VALUES
   ('1', 'Deadlift', '4'),
   ('2', 'Bench Press', '1'),
   ('3', 'Squat', '3'),
   ('4', 'Overhead Press', '1'),
   ('5', 'Row', '2');

CREATE TABLE categories (
  "category_id" INTEGER,
  "category_name" VARCHAR(50)
); 
 
INSERT INTO categories
    ("category_id", "category_name")
VALUES
   ('1', 'Push'),
   ('2', 'Pull'),
   ('3', 'Legs'),
   ('4', 'Hinge');
