-- V2 of my Weightlifting Schema
-- This is data from June 5, 2022 to June 3, 2023. 

CREATE SCHEMA weightlifting;
SET search_path = weightlifting;

-- Exercises Table 
CREATE TABLE exercises (
  "id" INTEGER,
  "exercise_name" VARCHAR(50),
  "category_id" INTEGER
); 

INSERT INTO exercises 
   ("id", "exercise_name", "category_id")
VALUES
   ('1', 'Deadlift', '4'),
   ('2', 'Bench Press', '1'),
   ('3', 'Squat', '3'),
   ('4', 'Overhead Press', '1'),
   ('5', 'Row', '2');

-- Categories Table 
CREATE TABLE categories (
  "id" INTEGER,
  "category_name" VARCHAR(50)
); 
 
INSERT INTO categories
    ("id", "category_name")
VALUES
   ('1', 'Push'),
   ('2', 'Pull'),
   ('3', 'Legs'),
   ('4', 'Hinge');

-- Workout Type Table 
CREATE TABLE workout_type (
  "id" INTEGER,
  "workout_type_name" VARCHAR(50)
); 

INSERT INTO workout_type
    ("id", "workout_type_name")
VALUES
   ('1', 'Strength'),
   ('2', 'Hypertrophy');

-- Workout Table 
CREATE TABLE workout (
   "id" INTEGER, 
   "workout_date" DATE,
   "workout_type_id" INTEGER
 );
 
INSERT INTO workout
    ("id", "workout_date", "workout_type_id")
VALUES
   ('1', '2022-06-05', '1'),
   ('2', '2022-06-07', '1'),
   ('3', '2022-06-09', '1'),
   ('4', '2022-06-11', '1'),
   ('5', '2022-06-12', '1'),
   ('6', '2022-06-15', '1'),
   ('7', '2022-06-18', '1'),
   ('8', '2022-06-19', '1'),
   ('9', '2022-06-21', '1'),
   ('10', '2022-06-23', '1'),
   ('11', '2022-06-25', '1'),
   ('12', '2022-06-26', '1'),
   ('13', '2022-06-28', '1'),
   ('14', '2022-07-02', '1'),
   ('15', '2022-07-03', '1'),
   ('16', '2022-07-05', '1'),
   ('17', '2022-07-08', '1'),
   ('18', '2022-07-09', '1'),
   ('19', '2022-07-10', '1'),
   ('20', '2022-07-12', '1'),
   ('21', '2022-07-16', '1'),
   ('22', '2022-07-17', '1'),
   ('23', '2022-07-22', '1'),
   ('24', '2022-07-24', '2'),
   ('25', '2022-07-26', '2'),
   ('26', '2022-07-30', '2'),
   ('27', '2022-08-02', '2'),
   ('28', '2022-08-05', '2'),
   ('29', '2022-08-07', '2'),
   ('30', '2022-08-09', '2'),
   ('31', '2022-08-11', '2'),
   ('32', '2022-08-18', '2'),
   ('33', '2022-08-20', '2'),
   ('34', '2022-08-21', '2'),
   ('35', '2022-08-23', '2'),
   ('36', '2022-08-25', '2'),
   ('37', '2022-08-26', '2'),
   ('38', '2022-08-30', '1'),
   ('39', '2022-09-01', '1'),
   ('40', '2022-09-05', '1'),
   ('41', '2022-09-06', '1'),
   ('42', '2022-09-08', '1'),
   ('43', '2022-09-10', '1'),
   ('44', '2022-09-11', '1'),
   ('45', '2022-09-13', '1'),
   ('46', '2022-09-17', '1'),
   ('47', '2022-09-19', '1'),
   ('48', '2022-09-20', '1'),
   ('49', '2022-09-22', '1'),
   ('50', '2022-09-24', '1'),
   ('51', '2022-09-25', '1'),
   ('52', '2022-09-27', '1'),
   ('53', '2022-09-29', '1'),
   ('54', '2022-09-30', '1'),
   ('55', '2022-10-08', '1'),
   ('56', '2022-10-10', '1'),
   ('57', '2022-10-12', '1'),
   ('58', '2022-10-25', '1'),
   ('59', '2022-10-26', '1'),
   ('60', '2022-10-28', '1'),
   ('61', '2022-10-29', '1'),
   ('62', '2022-10-31', '1'),
   ('63', '2022-11-01', '1'),
   ('64', '2022-11-07', '1'),
   ('65', '2022-11-10', '1'),
   ('66', '2022-11-12', '1'),
   ('67', '2022-11-14', '1'),
   ('68', '2022-11-15', '1'),
   ('69', '2022-11-16', '1'),
   ('70', '2022-11-17', '1'),
   ('71', '2022-11-23', '1'),
   ('72', '2022-11-26', '1'),
   ('73', '2022-11-28', '2'),
   ('74', '2022-11-29', '2'),
   ('75', '2022-12-01', '2'),
   ('76', '2022-12-03', '2'),
   ('77', '2022-12-05', '2'),
   ('78', '2022-12-06', '2'),
   ('79', '2022-12-07', '2'),
   ('80', '2022-12-08', '2'),
   ('81', '2022-12-13', '2'),
   ('82', '2022-12-14', '2'),
   ('83', '2022-12-15', '2'),
   ('84', '2022-12-16', '2'),
   ('85', '2022-12-19', '2'),
   ('86', '2022-12-21', '2'),
   ('87', '2022-12-23', '2'),
   ('88', '2022-12-24', '2'),
   ('89', '2022-12-28', '2'),
   ('90', '2022-12-30', '2'),
   ('91', '2023-01-03', '2'),
   ('92', '2023-01-04', '2'),
   ('93', '2023-01-06', '2'),
   ('94', '2023-01-07', '2'),
   ('95', '2023-01-09', '2'),
   ('96', '2023-01-11', '2'),
   ('97', '2023-01-13', '2'),
   ('98', '2023-01-14', '2'),
   ('99', '2023-01-16', '2'),
   ('100', '2023-01-17', '2'),
   ('101', '2023-01-19', '2'),
   ('102', '2023-01-20', '2'),
   ('103', '2023-01-23', '2'),
   ('104', '2023-01-26', '2'),
   ('105', '2023-01-28', '2'),
   ('106', '2023-01-30', '1'),
   ('107', '2023-01-31', '1'),
   ('108', '2023-02-02', '1'),
   ('109', '2023-02-04', '1'),
   ('110', '2023-02-10', '1'),
   ('111', '2023-02-13', '2'),
   ('112', '2023-02-14', '2'),
   ('113', '2023-02-16', '2'),
   ('114', '2023-02-17', '2'),
   ('115', '2023-02-20', '2'),
   ('116', '2023-02-21', '2'),
   ('117', '2023-02-25', '2'),
   ('118', '2023-02-27', '2'),
   ('119', '2023-02-28', '2'),
   ('120', '2023-03-03', '2'),
   ('121', '2023-03-04', '2'),
   ('122', '2023-03-06', '2'),
   ('123', '2023-03-07', '2'),
   ('124', '2023-03-10', '2'),
   ('125', '2023-03-13', '2'),
   ('126', '2023-03-14', '2'),
   ('127', '2023-03-16', '2'),
   ('128', '2023-03-17', '2'),
   ('129', '2023-03-24', '2'),
   ('130', '2023-03-28', '2'),
   ('131', '2023-03-29', '2'),
   ('132', '2023-03-31', '2'),
   ('133', '2023-04-01', '1'),
   ('134', '2023-04-03', '1'),
   ('135', '2023-04-04', '1'),
   ('136', '2023-04-07', '1'),
   ('137', '2023-04-10', '1'),
   ('138', '2023-04-11', '1'),
   ('139', '2023-04-13', '1'),
   ('140', '2023-04-14', '1'),
   ('141', '2023-04-17', '1'),
   ('142', '2023-04-18', '1'),
   ('143', '2023-04-21', '1'),
   ('144', '2023-04-22', '1'),
   ('145', '2023-04-25', '1'),
   ('146', '2023-04-26', '1'),
   ('147', '2023-04-28', '1'),
   ('148', '2023-04-29', '1'),
   ('149', '2023-05-06', '2'),
   ('150', '2023-05-09', '2'),
   ('151', '2023-05-10', '2'),
   ('152', '2023-05-11', '2'),
   ('153', '2023-05-12', '2'),
   ('154', '2023-05-15', '2'),
   ('155', '2023-05-16', '2'),
   ('156', '2023-05-18', '2'),
   ('157', '2023-05-19', '2'),
   ('158', '2023-05-23', '2'),
   ('159', '2023-05-24', '2'),
   ('160', '2023-05-26', '2'),
   ('161', '2023-05-27', '2'),
   ('162', '2023-05-30', '2'),
   ('163', '2023-05-31', '2'),
   ('164', '2023-06-02', '2'),
   ('165', '2023-06-03', '2');

-- Lifts Table 
CREATE TABLE lifts (
   "workout_id" INTEGER,
   "exercise_id" INTEGER,
   "weight_lbs" FLOAT,
   "reps" INTEGER,
   "volume_lbs" FLOAT
);

INSERT INTO lifts
   ("workout_id", "exercise_id", "weight_lbs", "reps", "volume_lbs")
VALUES
   ('1', '4', '45', '5', '225'),
   ('1', '4', '45', '5', '225'),
   ('1', '4', '50', '4', '200'),
   ('1', '5', '50', '5', '250'),
   ('1', '5', '55', '5', '275'),
   ('1', '5', '60', '5', '300'),
   ('1', '2', '50', '5', '250'),
   ('1', '2', '50', '5', '250'),
   ('1', '2', '55', '5', '275'),
   ('2', '1', '85', '4', '340'),
   ('2', '1', '85', '4', '340'),
   ('2', '1', '85', '4', '340'),
   ('2', '1', '95', '2', '190'),
   ('2', '3', '45', '5', '225'),
   ('2', '3', '50', '5', '250'),
   ('2', '3', '55', '5', '275'),
   ('2', '3', '60', '3', '180'),
   ('3', '4', '45', '5', '225'),
   ('3', '4', '50', '4', '200'),
   ('3', '4', '50', '4', '200'),
   ('3', '5', '55', '5', '275'),
   ('3', '5', '55', '5', '275'),
   ('3', '5', '60', '5', '300'),
   ('3', '2', '50', '5', '250'),
   ('3', '2', '55', '5', '275'),
   ('3', '2', '55', '5', '275'),
   ('3', '4', '45', '6', '270'),
   ('3', '5', '60', '5', '300'),
   ('3', '2', '50', '6', '300'),
   ('4', '1', '75', '5', '375'),
   ('4', '1', '80', '5', '400'),
   ('4', '1', '80', '5', '400'),
   ('4', '1', '80', '5', '400'),
   ('4', '1', '85', '5', '425'),
   ('4', '3', '50', '5', '250'),
   ('4', '3', '50', '5', '250'),
   ('4', '3', '55', '5', '275'),
   ('4', '3', '55', '5', '275'),
   ('4', '3', '60', '5', '300'),
   ('5', '4', '45', '5', '225'),
   ('5', '4', '45', '5', '225'),
   ('5', '4', '45', '5', '225'),
   ('5', '4', '45', '5', '225'),
   ('5', '5', '55', '5', '275'),
   ('5', '5', '55', '5', '275'),
   ('5', '5', '60', '5', '300'),
   ('5', '5', '60', '5', '300'),
   ('5', '2', '55', '5', '275'),
   ('5', '2', '55', '5', '275'),
   ('5', '2', '55', '5', '275'),
   ('5', '2', '55', '5', '275'),
   ('5', '4', '45', '5', '225'),
   ('5', '5', '65', '3', '195'),
   ('5', '2', '55', '5', '275'),
   ('6', '1', '88', '5', '440'),
   ('6', '1', '88', '5', '440'),
   ('6', '1', '88', '5', '440'),
   ('6', '1', '88', '5', '440'),
   ('6', '3', '55', '5', '275'),
   ('6', '3', '55', '5', '275'),
   ('6', '3', '55', '5', '275'),
   ('6', '3', '60', '5', '300'),
   ('6', '1', '83', '8', '664'),
   ('6', '3', '60', '5', '300'),
   ('7', '1', '90', '5', '450'),
   ('7', '1', '90', '5', '450'),
   ('7', '1', '90', '5', '450'),
   ('7', '1', '95', '3', '285'),
   ('7', '1', '95', '3', '285'),
   ('7', '3', '55', '5', '275'),
   ('7', '3', '60', '5', '300'),
   ('7', '3', '60', '5', '300'),
   ('7', '3', '60', '5', '300'),
   ('7', '3', '55', '5', '275'),
   ('8', '2', '55', '6', '330'),
   ('8', '2', '55', '6', '330'),
   ('8', '2', '55', '6', '330'),
   ('8', '2', '55', '6', '330'),
   ('8', '5', '60', '6', '360'),
   ('8', '5', '60', '6', '360'),
   ('8', '5', '60', '6', '360'),
   ('8', '5', '60', '6', '360'),
   ('8', '4', '45', '6', '270'),
   ('8', '4', '45', '6', '270'),
   ('8', '4', '45', '6', '270'),
   ('8', '4', '45', '6', '270'),
   ('9', '1', '95', '3', '285'),
   ('9', '1', '95', '3', '285'),
   ('9', '1', '95', '3', '285'),
   ('9', '1', '95', '4', '380'),
   ('9', '1', '95', '5', '475'),
   ('9', '3', '60', '5', '300'),
   ('9', '3', '60', '5', '300'),
   ('9', '3', '60', '5', '300'),
   ('9', '3', '60', '5', '300'),
   ('9', '3', '60', '5', '300'),
   ('10', '2', '60', '2', '120'),
   ('10', '2', '60', '2', '120'),
   ('10', '2', '60', '2', '120'),
   ('10', '2', '60', '2', '120'),
   ('10', '5', '65', '3', '195'),
   ('10', '4', '50', '3', '150'),
   ('10', '4', '50', '3', '150'),
   ('10', '4', '50', '3', '150'),
   ('10', '4', '45', '5', '225'),
   ('10', '2', '60', '3', '180'),
   ('10', '5', '65', '3', '195'),
   ('10', '5', '65', '3', '195'),
   ('10', '5', '65', '3', '195'),
   ('10', '5', '65', '3', '195'),
   ('10', '4', '45', '5', '225'),
   ('11', '1', '95', '5', '475'),
   ('11', '1', '95', '5', '475'),
   ('11', '1', '95', '5', '475'),
   ('11', '1', '100', '3', '300'),
   ('11', '1', '100', '3', '300'),
   ('11', '3', '60', '5', '300'),
   ('11', '3', '60', '5', '300'),
   ('11', '3', '60', '5', '300'),
   ('11', '3', '65', '3', '195'),
   ('11', '3', '65', '3', '195'),
   ('12', '4', '45', '5', '225'),
   ('12', '4', '50', '3', '150'),
   ('12', '4', '50', '3', '150'),
   ('12', '4', '50', '3', '150'),
   ('12', '4', '50', '3', '150'),
   ('12', '2', '60', '3', '180'),
   ('12', '2', '60', '3', '180'),
   ('12', '2', '60', '3', '180'),
   ('12', '2', '60', '3', '180'),
   ('12', '2', '60', '3', '180'),
   ('12', '5', '60', '6', '360'),
   ('12', '5', '60', '6', '360'),
   ('12', '5', '60', '5', '300'),
   ('12', '5', '60', '5', '300'),
   ('12', '5', '60', '5', '300'),
   ('13', '1', '95', '5', '475'),
   ('13', '1', '100', '4', '400'),
   ('13', '1', '100', '4', '400'),
   ('13', '1', '100', '5', '500'),
   ('13', '1', '105', '4', '420'),
   ('14', '1', '100', '5', '500'),
   ('14', '1', '100', '5', '500'),
   ('14', '1', '105', '5', '525'),
   ('14', '1', '105', '5', '525'),
   ('14', '1', '110', '3', '330'),
   ('14', '1', '115', '2', '230'),
   ('14', '3', '60', '5', '300'),
   ('14', '3', '65', '3', '195'),
   ('14', '3', '65', '3', '195'),
   ('14', '3', '65', '3', '195'),
   ('14', '3', '65', '5', '325'),
   ('15', '4', '50', '3', '150'),
   ('15', '4', '50', '3', '150'),
   ('15', '4', '50', '3', '150'),
   ('15', '4', '50', '3', '150'),
   ('15', '4', '50', '3', '150'),
   ('15', '2', '60', '4', '240'),
   ('15', '2', '60', '4', '240'),
   ('15', '2', '60', '4', '240'),
   ('15', '2', '60', '4', '240'),
   ('15', '2', '60', '4', '240'),
   ('16', '1', '105', '4', '420'),
   ('16', '1', '110', '3', '330'),
   ('16', '1', '110', '3', '330'),
   ('16', '1', '110', '3', '330'),
   ('16', '1', '110', '4', '440'),
   ('16', '3', '65', '4', '260'),
   ('16', '3', '65', '4', '260'),
   ('16', '3', '65', '5', '325'),
   ('17', '2', '60', '5', '300'),
   ('17', '2', '60', '5', '300'),
   ('17', '2', '60', '5', '300'),
   ('17', '2', '60', '5', '300'),
   ('17', '2', '60', '5', '300'),
   ('17', '4', '50', '3', '150'),
   ('17', '4', '50', '3', '150'),
   ('17', '4', '50', '3', '150'),
   ('17', '4', '50', '3', '150'),
   ('17', '4', '50', '4', '200'),
   ('17', '5', '55', '5', '275'),
   ('17', '5', '55', '5', '275'),
   ('17', '5', '55', '5', '275'),
   ('17', '5', '60', '3', '180'),
   ('17', '5', '60', '3', '180'),
   ('18', '1', '110', '4', '440'),
   ('18', '1', '110', '4', '440'),
   ('18', '1', '110', '4', '440'),
   ('18', '1', '110', '5', '550'),
   ('18', '1', '110', '5', '550'),
   ('18', '3', '65', '5', '325'),
   ('18', '3', '65', '5', '325'),
   ('18', '3', '65', '5', '325'),
   ('18', '3', '70', '2', '140'),
   ('18', '3', '70', '2', '140'),
   ('19', '2', '60', '5', '300'),
   ('19', '2', '60', '5', '300'),
   ('19', '2', '60', '5', '300'),
   ('19', '2', '60', '5', '300'),
   ('19', '2', '60', '5', '300'),
   ('19', '5', '60', '3', '180'),
   ('19', '5', '60', '3', '180'),
   ('19', '5', '60', '3', '180'),
   ('19', '5', '60', '4', '240'),
   ('19', '5', '60', '5', '300'),
   ('19', '4', '45', '5', '225'),
   ('19', '4', '50', '3', '150'),
   ('19', '4', '50', '4', '200'),
   ('19', '4', '50', '4', '200'),
   ('19', '4', '50', '4', '200'),
   ('20', '1', '110', '5', '550'),
   ('20', '1', '110', '5', '550'),
   ('20', '1', '110', '5', '550'),
   ('20', '1', '115', '3', '345'),
   ('20', '1', '115', '3', '345'),
   ('20', '3', '65', '5', '325'),
   ('20', '3', '70', '2', '140'),
   ('20', '3', '70', '2', '140'),
   ('20', '3', '70', '2', '140'),
   ('20', '3', '70', '2', '140'),
   ('21', '1', '115', '4', '460'),
   ('21', '1', '115', '4', '460'),
   ('21', '1', '115', '4', '460'),
   ('21', '1', '115', '4', '460'),
   ('21', '1', '117.5', '2', '235'),
   ('21', '3', '70', '3', '210'),
   ('21', '3', '70', '3', '210'),
   ('21', '3', '70', '3', '210'),
   ('21', '3', '70', '3', '210'),
   ('21', '3', '70', '3', '210'),
   ('22', '2', '60', '5', '300'),
   ('22', '2', '62.5', '2', '125'),
   ('22', '2', '62.5', '2', '125'),
   ('22', '2', '62.5', '2', '125'),
   ('22', '2', '62.5', '2', '125'),
   ('22', '4', '47.5', '3', '142.5'),
   ('22', '4', '47.5', '3', '142.5'),
   ('22', '4', '47.5', '3', '142.5'),
   ('22', '4', '47.5', '3', '142.5'),
   ('22', '4', '47.5', '3', '142.5'),
   ('22', '5', '60', '5', '300'),
   ('22', '5', '60', '5', '300'),
   ('22', '5', '60', '5', '300'),
   ('22', '5', '62.5', '4', '250'),
   ('22', '5', '62.5', '4', '250'),
   ('23', '1', '115', '5', '575'),
   ('23', '1', '115', '5', '575'),
   ('23', '1', '115', '5', '575'),
   ('23', '1', '115', '3', '345'),
   ('23', '1', '115', '3', '345'),
   ('23', '3', '70', '4', '280'),
   ('23', '3', '65', '5', '325'),
   ('23', '3', '65', '5', '325'),
   ('23', '3', '65', '5', '325'),
   ('23', '3', '65', '5', '325'),
   ('24', '2', '55', '7', '385'),
   ('24', '2', '55', '7', '385'),
   ('24', '2', '55', '7', '385'),
   ('24', '2', '55', '7', '385'),
   ('24', '4', '40', '7', '280'),
   ('24', '4', '40', '8', '320'),
   ('24', '4', '40', '8', '320'),
   ('24', '4', '40', '8', '320'),
   ('24', '5', '55', '7', '385'),
   ('24', '5', '55', '7', '385'),
   ('24', '5', '55', '7', '385'),
   ('24', '5', '55', '7', '385'),
   ('25', '1', '105', '8', '840'),
   ('25', '1', '105', '8', '840'),
   ('25', '1', '110', '6', '660'),
   ('25', '1', '110', '6', '660'),
   ('25', '3', '60', '8', '480'),
   ('25', '3', '60', '8', '480'),
   ('25', '3', '60', '8', '480'),
   ('25', '3', '60', '8', '480'),
   ('26', '1', '110', '6', '660'),
   ('26', '1', '110', '6', '660'),
   ('26', '1', '110', '6', '660'),
   ('26', '1', '110', '6', '660'),
   ('26', '3', '62.5', '6', '375'),
   ('26', '3', '62.5', '6', '375'),
   ('26', '3', '62.5', '6', '375'),
   ('26', '3', '65', '6', '390'),
   ('27', '1', '95', '8', '760'),
   ('27', '1', '95', '8', '760'),
   ('27', '1', '100', '6', '600'),
   ('27', '1', '100', '6', '600'),
   ('27', '3', '70', '3', '210'),
   ('27', '3', '65', '6', '390'),
   ('27', '3', '65', '6', '390'),
   ('27', '3', '65', '6', '390'),
   ('28', '3', '60', '8', '480'),
   ('28', '3', '65', '6', '390'),
   ('28', '3', '65', '6', '390'),
   ('28', '3', '65', '6', '390'),
   ('29', '2', '55', '8', '440'),
   ('29', '2', '55', '8', '440'),
   ('29', '2', '55', '8', '440'),
   ('29', '2', '55', '8', '440'),
   ('29', '5', '55', '8', '440'),
   ('29', '5', '55', '8', '440'),
   ('29', '5', '55', '8', '440'),
   ('29', '5', '55', '8', '440'),
   ('29', '4', '45', '6', '270'),
   ('29', '4', '42.5', '6', '255'),
   ('29', '4', '42.5', '6', '255'),
   ('29', '4', '42.5', '6', '255'),
   ('30', '1', '100', '6', '600'),
   ('30', '1', '100', '6', '600'),
   ('30', '1', '100', '6', '600'),
   ('30', '1', '100', '6', '600'),
   ('30', '3', '65', '7', '455'),
   ('30', '3', '65', '7', '455'),
   ('30', '3', '65', '7', '455'),
   ('30', '3', '65', '7', '455'),
   ('31', '2', '60', '6', '360'),
   ('31', '2', '60', '6', '360'),
   ('31', '2', '60', '6', '360'),
   ('31', '2', '60', '6', '360'),
   ('31', '5', '60', '6', '360'),
   ('31', '5', '60', '6', '360'),
   ('31', '5', '60', '6', '360'),
   ('31', '5', '60', '6', '360'),
   ('31', '4', '42.5', '7', '297.5'),
   ('31', '4', '42.5', '7', '297.5'),
   ('31', '4', '42.5', '7', '297.5'),
   ('31', '4', '42.5', '7', '297.5'),
   ('32', '1', '105', '6', '630'),
   ('32', '1', '105', '6', '630'),
   ('32', '1', '105', '6', '630'),
   ('32', '1', '105', '6', '630'),
   ('32', '3', '65', '6', '390'),
   ('32', '3', '70', '4', '280'),
   ('32', '3', '65', '6', '390'),
   ('32', '3', '65', '6', '390'),
   ('33', '3', '65', '8', '520'),
   ('33', '3', '65', '8', '520'),
   ('33', '3', '65', '8', '520'),
   ('33', '3', '70', '4', '280'),
   ('34', '2', '60', '5', '300'),
   ('34', '2', '57.5', '7', '402.5'),
   ('34', '2', '57.5', '7', '402.5'),
   ('34', '2', '57.5', '7', '402.5'),
   ('34', '4', '42.5', '8', '340'),
   ('34', '4', '42.5', '8', '340'),
   ('34', '4', '42.5', '8', '340'),
   ('34', '4', '42.5', '7', '297.5'),
   ('34', '5', '63', '5', '315'),
   ('34', '5', '63', '5', '315'),
   ('34', '5', '63', '4', '252'),
   ('34', '5', '63', '4', '252'),
   ('35', '1', '105', '6', '630'),
   ('35', '1', '105', '6', '630'),
   ('35', '1', '105', '6', '630'),
   ('35', '1', '105', '6', '630'),
   ('35', '3', '70', '4', '280'),
   ('35', '3', '70', '4', '280'),
   ('35', '3', '70', '4', '280'),
   ('35', '3', '70', '4', '280'),
   ('36', '2', '55', '8', '440'),
   ('36', '2', '60', '6', '360'),
   ('36', '2', '60', '6', '360'),
   ('36', '2', '60', '7', '420'),
   ('36', '5', '60', '6', '360'),
   ('36', '5', '60', '6', '360'),
   ('36', '5', '60', '6', '360'),
   ('36', '5', '60', '7', '420'),
   ('37', '1', '95', '8', '760'),
   ('37', '1', '95', '8', '760'),
   ('37', '1', '100', '6', '600'),
   ('37', '1', '100', '6', '600'),
   ('37', '3', '70', '5', '350'),
   ('37', '3', '70', '5', '350'),
   ('37', '3', '70', '5', '350'),
   ('37', '3', '70', '5', '350'),
   ('38', '1', '95', '6', '570'),
   ('38', '1', '95', '6', '570'),
   ('38', '1', '95', '6', '570'),
   ('38', '1', '95', '6', '570'),
   ('38', '3', '65', '5', '325'),
   ('38', '3', '65', '5', '325'),
   ('38', '3', '65', '5', '325'),
   ('38', '3', '65', '5', '325'),
   ('38', '3', '65', '5', '325'),
   ('38', '1', '95', '6', '570'),
   ('39', '4', '48', '4', '192'),
   ('39', '4', '48', '4', '192'),
   ('39', '4', '48', '4', '192'),
   ('39', '4', '48', '5', '240'),
   ('40', '2', '62.5', '3', '187.5'),
   ('40', '2', '62.5', '3', '187.5'),
   ('40', '2', '62.5', '3', '187.5'),
   ('40', '2', '62.5', '3', '187.5'),
   ('40', '2', '60', '6', '360'),
   ('41', '1', '105', '5', '525'),
   ('41', '1', '105', '5', '525'),
   ('41', '1', '105', '5', '525'),
   ('41', '1', '105', '5', '525'),
   ('41', '1', '105', '5', '525'),
   ('41', '3', '70', '3', '210'),
   ('41', '3', '70', '3', '210'),
   ('41', '3', '70', '3', '210'),
   ('41', '3', '70', '3', '210'),
   ('41', '3', '70', '3', '210'),
   ('42', '4', '48', '5', '240'),
   ('42', '4', '48', '5', '240'),
   ('42', '4', '48', '5', '240'),
   ('42', '4', '48', '5', '240'),
   ('42', '4', '50.5', '3', '151.5'),
   ('42', '5', '60', '5', '300'),
   ('42', '5', '60', '5', '300'),
   ('42', '5', '57.5', '5', '287.5'),
   ('42', '5', '57.5', '5', '287.5'),
   ('42', '5', '57.5', '5', '287.5'),
   ('43', '1', '110', '3', '330'),
   ('43', '1', '105', '5', '525'),
   ('43', '1', '105', '5', '525'),
   ('43', '1', '105', '5', '525'),
   ('43', '1', '105', '5', '525'),
   ('43', '3', '70', '3', '210'),
   ('43', '3', '70', '3', '210'),
   ('43', '3', '70', '4', '280'),
   ('43', '3', '70', '5', '350'),
   ('43', '3', '75', '3', '225'),
   ('44', '2', '62.5', '3', '187.5'),
   ('44', '2', '62.5', '3', '187.5'),
   ('44', '2', '62.5', '3', '187.5'),
   ('44', '2', '62.5', '3', '187.5'),
   ('44', '2', '62.5', '4', '250'),
   ('44', '5', '57.5', '5', '287.5'),
   ('44', '5', '57.5', '5', '287.5'),
   ('44', '5', '57.5', '5', '287.5'),
   ('44', '5', '60', '3', '180'),
   ('44', '5', '60', '5', '300'),
   ('44', '4', '50.5', '3', '151.5'),
   ('44', '4', '50.5', '3', '151.5'),
   ('44', '4', '50.5', '3', '151.5'),
   ('44', '4', '50.5', '3', '151.5'),
   ('44', '4', '50.5', '3', '151.5'),
   ('45', '1', '110', '4', '440'),
   ('45', '1', '110', '4', '440'),
   ('45', '1', '110', '4', '440'),
   ('45', '1', '110', '4', '440'),
   ('45', '1', '110', '4', '440'),
   ('45', '3', '70', '4', '280'),
   ('45', '3', '70', '4', '280'),
   ('45', '3', '75', '2', '150'),
   ('45', '3', '75', '3', '225'),
   ('45', '3', '75', '3', '225'),
   ('46', '1', '105', '5', '525'),
   ('46', '1', '105', '5', '525'),
   ('46', '1', '105', '5', '525'),
   ('46', '1', '110', '5', '550'),
   ('46', '1', '115', '4', '460'),
   ('46', '3', '75', '3', '225'),
   ('46', '3', '75', '3', '225'),
   ('46', '3', '75', '3', '225'),
   ('46', '3', '75', '3', '225'),
   ('46', '3', '75', '3', '225'),
   ('47', '2', '62.5', '4', '250'),
   ('47', '2', '62.5', '4', '250'),
   ('47', '2', '62.5', '4', '250'),
   ('47', '2', '62.5', '4', '250'),
   ('47', '2', '65', '3', '195'),
   ('47', '5', '60', '5', '300'),
   ('47', '5', '60', '5', '300'),
   ('47', '5', '60', '5', '300'),
   ('47', '5', '65', '3', '195'),
   ('47', '5', '65', '3', '195'),
   ('48', '1', '105', '5', '525'),
   ('48', '1', '110', '5', '550'),
   ('48', '1', '105', '5', '525'),
   ('48', '1', '105', '5', '525'),
   ('48', '1', '105', '5', '525'),
   ('48', '3', '75', '3', '225'),
   ('48', '3', '75', '3', '225'),
   ('48', '3', '75', '3', '225'),
   ('48', '3', '75', '3', '225'),
   ('48', '3', '75', '4', '300'),
   ('49', '4', '50.5', '3', '151.5'),
   ('49', '4', '50.5', '3', '151.5'),
   ('49', '4', '50.5', '3', '151.5'),
   ('49', '4', '50.5', '4', '202'),
   ('49', '4', '50.5', '4', '202'),
   ('50', '1', '110', '3', '330'),
   ('50', '1', '110', '3', '330'),
   ('50', '1', '115', '3', '345'),
   ('50', '1', '115', '3', '345'),
   ('50', '1', '115', '3', '345'),
   ('50', '3', '75', '3', '225'),
   ('50', '3', '75', '3', '225'),
   ('50', '3', '75', '3', '225'),
   ('50', '3', '70', '5', '350'),
   ('50', '3', '70', '5', '350'),
   ('51', '2', '65', '3', '195'),
   ('51', '2', '65', '3', '195'),
   ('51', '2', '65', '3', '195'),
   ('51', '2', '65', '3', '195'),
   ('51', '2', '65', '3', '195'),
   ('51', '5', '65', '3', '195'),
   ('51', '5', '65', '3', '195'),
   ('51', '5', '65', '3', '195'),
   ('51', '5', '65', '3', '195'),
   ('51', '5', '65', '3', '195'),
   ('51', '4', '50.5', '3', '151.5'),
   ('51', '4', '50.5', '3', '151.5'),
   ('51', '4', '50.5', '3', '151.5'),
   ('51', '4', '48', '6', '288'),
   ('51', '4', '48', '5', '240'),
   ('52', '1', '110', '3', '330'),
   ('52', '1', '115', '3', '345'),
   ('52', '1', '115', '3', '345'),
   ('52', '1', '115', '3', '345'),
   ('52', '1', '115', '3', '345'),
   ('52', '3', '75', '3', '225'),
   ('52', '3', '75', '3', '225'),
   ('52', '3', '75', '3', '225'),
   ('52', '3', '75', '3', '225'),
   ('52', '3', '75', '3', '225'),
   ('53', '4', '53', '2', '106'),
   ('53', '4', '53', '2', '106'),
   ('53', '4', '53', '1', '53'),
   ('53', '4', '53', '1', '53'),
   ('53', '4', '53', '1', '53'),
   ('53', '5', '65', '4', '260'),
   ('53', '5', '65', '4', '260'),
   ('53', '5', '65', '3', '195'),
   ('53', '5', '65', '3', '195'),
   ('53', '5', '65', '3', '195'),
   ('53', '2', '65', '2', '130'),
   ('53', '2', '65', '2', '130'),
   ('54', '1', '115', '3', '345'),
   ('54', '1', '115', '3', '345'),
   ('54', '1', '115', '4', '460'),
   ('54', '1', '115', '5', '575'),
   ('54', '1', '120', '2', '240'),
   ('54', '1', '125', '2', '250'),
   ('54', '3', '75', '4', '300'),
   ('54', '3', '75', '4', '300'),
   ('54', '3', '75', '3', '225'),
   ('54', '3', '75', '3', '225'),
   ('54', '3', '75', '3', '225'),
   ('55', '1', '100', '5', '500'),
   ('55', '1', '100', '5', '500'),
   ('55', '1', '100', '5', '500'),
   ('55', '1', '100', '3', '300'),
   ('55', '3', '70', '3', '210'),
   ('55', '3', '70', '3', '210'),
   ('55', '3', '70', '3', '210'),
   ('55', '3', '70', '3', '210'),
   ('55', '5', '55', '5', '275'),
   ('55', '5', '55', '5', '275'),
   ('55', '5', '55', '5', '275'),
   ('55', '5', '55', '5', '275'),
   ('55', '2', '55', '5', '275'),
   ('55', '2', '55', '5', '275'),
   ('55', '2', '55', '5', '275'),
   ('55', '2', '55', '5', '275'),
   ('56', '1', '105', '5', '525'),
   ('56', '1', '105', '5', '525'),
   ('56', '1', '115', '3', '345'),
   ('56', '1', '115', '4', '460'),
   ('56', '1', '115', '5', '575'),
   ('57', '3', '75', '5', '375'),
   ('57', '3', '75', '3', '225'),
   ('57', '3', '75', '3', '225'),
   ('57', '3', '75', '3', '225'),
   ('57', '3', '75', '3', '225'),
   ('57', '1', '110', '5', '550'),
   ('57', '1', '110', '3', '330'),
   ('57', '1', '110', '5', '550'),
   ('57', '1', '115', '2', '230'),
   ('57', '1', '115', '2', '230'),
   ('57', '5', '60', '5', '300'),
   ('57', '5', '60', '5', '300'),
   ('57', '5', '60', '5', '300'),
   ('57', '5', '60', '5', '300'),
   ('57', '5', '60', '5', '300'),
   ('57', '2', '60', '3', '180'),
   ('57', '2', '60', '5', '300'),
   ('57', '2', '60', '5', '300'),
   ('57', '2', '65', '3', '195'),
   ('57', '2', '65', '2', '130'),
   ('58', '4', '48', '5', '240'),
   ('58', '4', '48', '5', '240'),
   ('58', '4', '43', '6', '258'),
   ('58', '4', '43', '6', '258'),
   ('58', '4', '43', '6', '258'),
   ('58', '5', '58', '6', '348'),
   ('58', '5', '58', '6', '348'),
   ('58', '5', '58', '6', '348'),
   ('58', '5', '58', '6', '348'),
   ('58', '2', '55', '5', '275'),
   ('58', '2', '55', '6', '330'),
   ('58', '2', '55', '6', '330'),
   ('58', '2', '55', '6', '330'),
   ('59', '3', '75', '4', '300'),
   ('59', '3', '75', '4', '300'),
   ('59', '3', '70', '8', '560'),
   ('59', '3', '70', '6', '420'),
   ('60', '4', '48', '5', '240'),
   ('60', '4', '48', '5', '240'),
   ('60', '4', '48', '5', '240'),
   ('60', '4', '48', '5', '240'),
   ('60', '5', '63', '5', '315'),
   ('60', '5', '63', '5', '315'),
   ('60', '5', '68', '2', '136'),
   ('60', '5', '68', '2', '136'),
   ('60', '2', '55', '5', '275'),
   ('60', '2', '55', '5', '275'),
   ('60', '2', '60', '3', '180'),
   ('60', '2', '60', '3', '180'),
   ('61', '1', '115', '3', '345'),
   ('61', '1', '115', '3', '345'),
   ('61', '1', '115', '3', '345'),
   ('61', '1', '115', '3', '345'),
   ('61', '3', '70', '4', '280'),
   ('61', '3', '70', '4', '280'),
   ('61', '3', '70', '4', '280'),
   ('61', '3', '70', '4', '280'),
   ('62', '2', '60', '3', '180'),
   ('62', '2', '60', '3', '180'),
   ('62', '2', '60', '3', '180'),
   ('62', '2', '60', '3', '180'),
   ('62', '2', '60', '3', '180'),
   ('62', '5', '60', '3', '180'),
   ('62', '5', '60', '4', '240'),
   ('62', '5', '60', '4', '240'),
   ('62', '5', '60', '4', '240'),
   ('62', '5', '60', '4', '240'),
   ('63', '1', '115', '3', '345'),
   ('63', '1', '110', '5', '550'),
   ('63', '1', '110', '5', '550'),
   ('63', '1', '110', '5', '550'),
   ('63', '1', '110', '5', '550'),
   ('64', '2', '63', '2', '126'),
   ('64', '2', '63', '3', '189'),
   ('64', '2', '63', '2', '126'),
   ('64', '2', '63', '3', '189'),
   ('64', '2', '63', '2', '126'),
   ('64', '5', '63', '3', '189'),
   ('64', '5', '63', '3', '189'),
   ('64', '5', '63', '3', '189'),
   ('64', '5', '63', '3', '189'),
   ('64', '5', '63', '3', '189'),
   ('64', '4', '48', '3', '144'),
   ('64', '4', '48', '4', '192'),
   ('64', '4', '48', '4', '192'),
   ('64', '4', '48', '4', '192'),
   ('64', '4', '48', '4', '192'),
   ('65', '3', '73', '3', '219'),
   ('65', '3', '73', '3', '219'),
   ('65', '3', '73', '3', '219'),
   ('65', '3', '73', '3', '219'),
   ('65', '3', '73', '3', '219'),
   ('66', '1', '105', '5', '525'),
   ('66', '1', '110', '5', '550'),
   ('66', '1', '110', '5', '550'),
   ('66', '1', '115', '4', '460'),
   ('66', '1', '120', '2', '240'),
   ('66', '3', '70', '5', '350'),
   ('66', '3', '70', '5', '350'),
   ('66', '3', '70', '5', '350'),
   ('66', '3', '70', '5', '350'),
   ('66', '3', '70', '5', '350'),
   ('67', '4', '48', '4', '192'),
   ('67', '4', '48', '4', '192'),
   ('67', '4', '48', '4', '192'),
   ('67', '4', '50.5', '3', '151.5'),
   ('67', '4', '50.5', '3', '151.5'),
   ('67', '5', '63', '4', '252'),
   ('67', '5', '63', '4', '252'),
   ('67', '5', '63', '5', '315'),
   ('67', '5', '65.5', '4', '262'),
   ('67', '5', '65.5', '4', '262'),
   ('67', '2', '63', '3', '189'),
   ('67', '2', '58', '4', '232'),
   ('67', '2', '58', '4', '232'),
   ('67', '2', '58', '3', '174'),
   ('67', '2', '58', '4', '232'),
   ('68', '3', '75', '4', '300'),
   ('68', '3', '75', '4', '300'),
   ('68', '3', '75', '4', '300'),
   ('68', '3', '70', '5', '350'),
   ('68', '3', '70', '5', '350'),
   ('69', '4', '48', '5', '240'),
   ('69', '4', '48', '5', '240'),
   ('69', '4', '50.5', '3', '151.5'),
   ('69', '4', '50.5', '3', '151.5'),
   ('69', '4', '50.5', '3', '151.5'),
   ('70', '1', '105', '4', '420'),
   ('70', '1', '105', '4', '420'),
   ('70', '1', '115', '3', '345'),
   ('70', '1', '115', '3', '345'),
   ('70', '1', '115', '4', '460'),
   ('71', '4', '43', '5', '215'),
   ('71', '4', '43', '5', '215'),
   ('71', '4', '43', '5', '215'),
   ('71', '4', '48', '5', '240'),
   ('71', '4', '48', '5', '240'),
   ('71', '5', '63', '5', '315'),
   ('71', '5', '63', '5', '315'),
   ('71', '5', '63', '5', '315'),
   ('71', '5', '63', '5', '315'),
   ('71', '5', '63', '5', '315'),
   ('71', '2', '60', '3', '180'),
   ('71', '2', '60', '4', '240'),
   ('71', '2', '60', '5', '300'),
   ('71', '2', '65', '3', '195'),
   ('71', '2', '65', '3', '195'),
   ('72', '1', '105', '3', '315'),
   ('72', '1', '110', '3', '330'),
   ('72', '1', '110', '3', '330'),
   ('72', '1', '115', '3', '345'),
   ('72', '1', '120', '3', '360'),
   ('72', '3', '65', '3', '195'),
   ('72', '3', '65', '3', '195'),
   ('72', '3', '65', '3', '195'),
   ('72', '3', '65', '3', '195'),
   ('72', '3', '65', '3', '195'),
   ('73', '5', '65', '7', '455'),
   ('73', '5', '65', '7', '455'),
   ('73', '5', '65', '7', '455'),
   ('73', '5', '65', '7', '455'),
   ('73', '2', '55', '8', '440'),
   ('73', '2', '60', '8', '480'),
   ('73', '2', '60', '8', '480'),
   ('73', '2', '60', '8', '480'),
   ('74', '1', '110', '6', '660'),
   ('74', '1', '110', '6', '660'),
   ('74', '1', '110', '6', '660'),
   ('74', '1', '105', '8', '840'),
   ('74', '3', '65', '5', '325'),
   ('74', '3', '65', '5', '325'),
   ('74', '3', '65', '5', '325'),
   ('74', '3', '70', '5', '350'),
   ('75', '4', '38', '8', '304'),
   ('75', '4', '43', '8', '344'),
   ('75', '4', '43', '8', '344'),
   ('75', '4', '43', '8', '344'),
   ('76', '1', '105', '8', '840'),
   ('76', '1', '105', '8', '840'),
   ('76', '1', '105', '8', '840'),
   ('76', '1', '110', '8', '880'),
   ('76', '3', '65', '6', '390'),
   ('76', '3', '65', '7', '455'),
   ('76', '3', '65', '8', '520'),
   ('76', '3', '65', '8', '520'),
   ('77', '5', '65', '8', '520'),
   ('77', '5', '65', '8', '520'),
   ('77', '5', '65', '8', '520'),
   ('77', '5', '65', '8', '520'),
   ('77', '2', '60', '8', '480'),
   ('77', '2', '55', '10', '550'),
   ('77', '2', '55', '10', '550'),
   ('77', '2', '55', '10', '550'),
   ('78', '1', '105', '8', '840'),
   ('78', '1', '110', '8', '880'),
   ('78', '1', '110', '8', '880'),
   ('78', '1', '110', '8', '880'),
   ('78', '3', '65', '8', '520'),
   ('78', '3', '65', '8', '520'),
   ('78', '3', '65', '8', '520'),
   ('78', '3', '65', '8', '520'),
   ('79', '4', '43', '8', '344'),
   ('79', '4', '43', '8', '344'),
   ('79', '4', '43', '8', '344'),
   ('79', '4', '43', '8', '344'),
   ('80', '1', '105', '8', '840'),
   ('80', '1', '95', '10', '950'),
   ('80', '1', '95', '10', '950'),
   ('80', '1', '95', '10', '950'),
   ('80', '3', '65', '8', '520'),
   ('80', '3', '65', '8', '520'),
   ('80', '3', '65', '8', '520'),
   ('80', '3', '65', '8', '520'),
   ('81', '5', '65', '8', '520'),
   ('81', '5', '65', '9', '585'),
   ('81', '5', '65', '9', '585'),
   ('81', '5', '65', '9', '585'),
   ('81', '2', '55', '10', '550'),
   ('81', '2', '55', '10', '550'),
   ('81', '2', '55', '12', '660'),
   ('81', '2', '55', '12', '660'),
   ('82', '1', '95', '10', '950'),
   ('82', '1', '95', '10', '950'),
   ('82', '1', '95', '10', '950'),
   ('82', '1', '95', '10', '950'),
   ('83', '4', '43', '8', '344'),
   ('83', '4', '45.5', '8', '364'),
   ('83', '4', '45.5', '8', '364'),
   ('83', '4', '45.5', '8', '364'),
   ('84', '3', '67.5', '8', '540'),
   ('84', '3', '67.5', '8', '540'),
   ('84', '3', '67.5', '8', '540'),
   ('84', '3', '67.5', '8', '540'),
   ('85', '5', '67.5', '8', '540'),
   ('85', '5', '67.5', '8', '540'),
   ('85', '5', '67.5', '8', '540'),
   ('85', '5', '60', '6', '360'),
   ('85', '2', '57.5', '10', '575'),
   ('85', '2', '57.5', '10', '575'),
   ('85', '2', '57.5', '10', '575'),
   ('85', '2', '57.5', '10', '575'),
   ('86', '1', '95', '12', '1140'),
   ('86', '1', '100', '12', '1200'),
   ('86', '1', '100', '12', '1200'),
   ('87', '4', '43', '12', '516'),
   ('87', '4', '45.5', '10', '455'),
   ('87', '4', '45.5', '10', '455'),
   ('88', '1', '95', '12', '1140'),
   ('88', '1', '95', '12', '1140'),
   ('88', '1', '95', '12', '1140'),
   ('88', '3', '65', '10', '650'),
   ('88', '3', '65', '10', '650'),
   ('88', '3', '65', '10', '650'),
   ('89', '1', '100', '12', '1200'),
   ('89', '1', '100', '12', '1200'),
   ('89', '1', '105', '10', '1050'),
   ('90', '2', '57.5', '11', '632.5'),
   ('90', '2', '57.5', '11', '632.5'),
   ('90', '2', '57.5', '11', '632.5'),
   ('91', '1', '105', '5', '525'),
   ('91', '1', '110', '5', '550'),
   ('91', '1', '115', '5', '575'),
   ('91', '1', '115', '5', '575'),
   ('91', '1', '117.5', '4', '470'),
   ('92', '5', '70', '3', '210'),
   ('92', '5', '70', '3', '210'),
   ('92', '5', '70', '3', '210'),
   ('92', '5', '70', '3', '210'),
   ('92', '5', '70', '3', '210'),
   ('92', '2', '65', '4', '260'),
   ('92', '2', '65', '4', '260'),
   ('92', '2', '65', '4', '260'),
   ('92', '2', '65', '4', '260'),
   ('92', '2', '65', '3', '195'),
   ('93', '1', '110', '5', '550'),
   ('93', '1', '110', '5', '550'),
   ('93', '1', '110', '6', '660'),
   ('93', '1', '110', '6', '660'),
   ('93', '1', '110', '6', '660'),
   ('93', '3', '65', '5', '325'),
   ('93', '3', '70', '4', '280'),
   ('93', '3', '70', '5', '350'),
   ('93', '3', '70', '4', '280'),
   ('93', '3', '70', '5', '350'),
   ('94', '4', '48', '3', '144'),
   ('94', '4', '48', '3', '144'),
   ('94', '4', '48', '3', '144'),
   ('94', '4', '48', '3', '144'),
   ('94', '4', '48', '3', '144'),
   ('95', '5', '70', '3', '210'),
   ('95', '5', '70', '3', '210'),
   ('95', '5', '70', '3', '210'),
   ('95', '5', '70', '4', '280'),
   ('95', '5', '70', '4', '280'),
   ('95', '2', '65', '3', '195'),
   ('95', '2', '65', '3', '195'),
   ('95', '2', '62.5', '5', '312.5'),
   ('95', '2', '62.5', '5', '312.5'),
   ('95', '2', '62.5', '5', '312.5'),
   ('96', '1', '110', '5', '550'),
   ('96', '1', '112.5', '3', '337.5'),
   ('96', '1', '112.5', '3', '337.5'),
   ('96', '1', '112.5', '4', '450'),
   ('96', '1', '112.5', '5', '562.5'),
   ('97', '4', '43', '5', '215'),
   ('97', '4', '48', '3', '144'),
   ('97', '4', '48', '3', '144'),
   ('97', '4', '48', '4', '192'),
   ('97', '4', '48', '5', '240'),
   ('98', '3', '70', '4', '280'),
   ('98', '3', '70', '4', '280'),
   ('98', '3', '70', '4', '280'),
   ('98', '3', '70', '4', '280'),
   ('98', '3', '70', '4', '280'),
   ('99', '5', '65', '6', '390'),
   ('99', '5', '70', '4', '280'),
   ('99', '5', '70', '4', '280'),
   ('99', '5', '70', '4', '280'),
   ('99', '5', '70', '4', '280'),
   ('99', '2', '60', '5', '300'),
   ('99', '2', '62.5', '4', '250'),
   ('99', '2', '62.5', '4', '250'),
   ('99', '2', '62.5', '4', '250'),
   ('99', '2', '62.5', '4', '250'),
   ('100', '1', '105', '5', '525'),
   ('100', '1', '110', '4', '440'),
   ('100', '1', '110', '4', '440'),
   ('100', '1', '110', '5', '550'),
   ('100', '1', '110', '5', '550'),
   ('101', '4', '48', '4', '192'),
   ('101', '4', '48', '4', '192'),
   ('101', '4', '43', '6', '258'),
   ('101', '4', '43', '6', '258'),
   ('101', '4', '45.5', '6', '273'),
   ('102', '3', '65', '5', '325'),
   ('102', '3', '70', '4', '280'),
   ('102', '3', '70', '5', '350'),
   ('102', '3', '70', '5', '350'),
   ('102', '3', '70', '5', '350'),
   ('103', '2', '55', '6', '330'),
   ('103', '2', '60', '6', '360'),
   ('103', '2', '60', '6', '360'),
   ('103', '5', '65', '6', '390'),
   ('103', '5', '65', '6', '390'),
   ('103', '2', '60', '6', '360'),
   ('103', '2', '60', '6', '360'),
   ('103', '5', '65', '6', '390'),
   ('103', '5', '65', '6', '390'),
   ('103', '5', '65', '6', '390'),
   ('104', '4', '43', '6', '258'),
   ('104', '4', '43', '6', '258'),
   ('104', '4', '43', '6', '258'),
   ('104', '4', '45.5', '5', '227.5'),
   ('104', '4', '45.5', '5', '227.5'),
   ('105', '1', '95', '5', '475'),
   ('105', '1', '95', '6', '570'),
   ('105', '1', '95', '6', '570'),
   ('105', '1', '95', '6', '570'),
   ('105', '1', '95', '6', '570'),
   ('105', '3', '55', '5', '275'),
   ('105', '3', '60', '5', '300'),
   ('105', '3', '60', '5', '300'),
   ('105', '3', '60', '5', '300'),
   ('105', '3', '60', '5', '300'),
   ('106', '5', '65', '5', '325'),
   ('106', '5', '67.5', '5', '337.5'),
   ('106', '5', '67.5', '5', '337.5'),
   ('106', '5', '67.5', '5', '337.5'),
   ('106', '5', '70', '5', '350'),
   ('106', '2', '60', '5', '300'),
   ('106', '2', '60', '5', '300'),
   ('106', '2', '60', '5', '300'),
   ('106', '2', '65', '3', '195'),
   ('106', '2', '65', '3', '195'),
   ('107', '1', '110', '3', '330'),
   ('107', '1', '115', '3', '345'),
   ('107', '1', '115', '3', '345'),
   ('107', '1', '115', '3', '345'),
   ('107', '1', '115', '3', '345'),
   ('108', '4', '45.5', '3', '136.5'),
   ('108', '4', '45.5', '4', '182'),
   ('108', '4', '45.5', '5', '227.5'),
   ('108', '4', '43', '5', '215'),
   ('108', '4', '43', '5', '215'),
   ('109', '3', '65', '3', '195'),
   ('109', '3', '65', '4', '260'),
   ('109', '3', '65', '5', '325'),
   ('109', '3', '70', '3', '210'),
   ('109', '3', '70', '3', '210'),
   ('110', '1', '110', '3', '330'),
   ('110', '1', '110', '3', '330'),
   ('110', '1', '105', '5', '525'),
   ('110', '1', '105', '5', '525'),
   ('110', '1', '105', '5', '525'),
   ('111', '5', '53', '10', '530'),
   ('111', '5', '53', '10', '530'),
   ('111', '5', '58', '8', '464'),
   ('111', '5', '58', '10', '580'),
   ('111', '4', '40.5', '8', '324'),
   ('111', '4', '40.5', '8', '324'),
   ('111', '4', '38', '10', '380'),
   ('111', '4', '38', '12', '456'),
   ('112', '3', '55', '8', '440'),
   ('112', '3', '55', '8', '440'),
   ('112', '3', '55', '8', '440'),
   ('112', '3', '55', '8', '440'),
   ('113', '2', '55', '8', '440'),
   ('113', '2', '55', '8', '440'),
   ('113', '2', '55', '10', '550'),
   ('113', '2', '55', '10', '550'),
   ('114', '1', '95', '8', '760'),
   ('114', '1', '95', '10', '950'),
   ('114', '1', '95', '12', '1140'),
   ('114', '1', '95', '12', '1140'),
   ('115', '4', '38', '12', '456'),
   ('115', '4', '38', '12', '456'),
   ('115', '4', '38', '12', '456'),
   ('115', '4', '40.5', '8', '324'),
   ('116', '3', '55', '8', '440'),
   ('116', '3', '55', '8', '440'),
   ('116', '3', '55', '8', '440'),
   ('116', '3', '55', '8', '440'),
   ('117', '1', '85', '10', '850'),
   ('117', '1', '85', '10', '850'),
   ('117', '1', '90', '10', '900'),
   ('117', '1', '90', '10', '900'),
   ('118', '2', '50', '10', '500'),
   ('118', '2', '55', '8', '440'),
   ('118', '2', '55', '8', '440'),
   ('118', '2', '50', '12', '600'),
   ('119', '3', '55', '9', '495'),
   ('119', '3', '55', '9', '495'),
   ('119', '3', '55', '9', '495'),
   ('119', '3', '55', '9', '495'),
   ('120', '4', '38', '10', '380'),
   ('120', '4', '38', '10', '380'),
   ('120', '4', '40.5', '10', '405'),
   ('120', '4', '40.5', '10', '405'),
   ('121', '1', '85', '10', '850'),
   ('121', '1', '85', '10', '850'),
   ('121', '1', '85', '10', '850'),
   ('121', '1', '85', '12', '1020'),
   ('122', '2', '50', '10', '500'),
   ('122', '2', '50', '12', '600'),
   ('122', '2', '50', '12', '600'),
   ('122', '2', '50', '12', '600'),
   ('123', '3', '55', '10', '550'),
   ('123', '3', '55', '10', '550'),
   ('123', '3', '55', '10', '550'),
   ('123', '3', '55', '10', '550'),
   ('124', '4', '38', '10', '380'),
   ('124', '4', '40.5', '8', '324'),
   ('124', '4', '40.5', '10', '405'),
   ('124', '4', '40.5', '10', '405'),
   ('125', '5', '55', '12', '660'),
   ('125', '5', '55', '12', '660'),
   ('125', '5', '55', '12', '660'),
   ('125', '5', '55', '12', '660'),
   ('125', '2', '50', '12', '600'),
   ('125', '2', '50', '12', '600'),
   ('125', '2', '50', '12', '600'),
   ('125', '2', '50', '12', '600'),
   ('126', '3', '60', '8', '480'),
   ('126', '3', '60', '8', '480'),
   ('126', '3', '60', '8', '480'),
   ('126', '3', '60', '8', '480'),
   ('127', '4', '38', '8', '304'),
   ('127', '4', '40.5', '8', '324'),
   ('127', '4', '40.5', '10', '405'),
   ('127', '4', '40.5', '10', '405'),
   ('128', '1', '85', '8', '680'),
   ('128', '1', '85', '10', '850'),
   ('128', '1', '85', '10', '850'),
   ('128', '1', '85', '12', '1020'),
   ('128', '3', '45', '10', '450'),
   ('128', '3', '55', '6', '330'),
   ('128', '3', '55', '7', '385'),
   ('128', '3', '55', '8', '440'),
   ('129', '3', '45', '12', '540'),
   ('129', '3', '50', '10', '500'),
   ('129', '3', '50', '10', '500'),
   ('129', '3', '45', '12', '540'),
   ('130', '5', '55', '5', '275'),
   ('130', '5', '65', '4', '260'),
   ('130', '5', '65', '4', '260'),
   ('130', '5', '65', '4', '260'),
   ('130', '5', '65', '5', '325'),
   ('130', '2', '55', '5', '275'),
   ('130', '2', '55', '5', '275'),
   ('130', '2', '60', '3', '180'),
   ('130', '2', '60', '3', '180'),
   ('130', '2', '60', '4', '240'),
   ('131', '3', '65', '3', '195'),
   ('131', '3', '65', '3', '195'),
   ('131', '3', '65', '4', '260'),
   ('131', '3', '65', '4', '260'),
   ('131', '3', '70', '3', '210'),
   ('132', '4', '38', '5', '190'),
   ('132', '4', '43', '4', '172'),
   ('132', '4', '43', '5', '215'),
   ('132', '4', '45.5', '3', '136.5'),
   ('132', '4', '45.5', '4', '182'),
   ('133', '1', '95', '5', '475'),
   ('133', '1', '100', '5', '500'),
   ('133', '1', '100', '5', '500'),
   ('133', '1', '105', '4', '420'),
   ('133', '1', '110', '2', '220'),
   ('134', '2', '55', '5', '275'),
   ('134', '2', '60', '3', '180'),
   ('134', '2', '60', '3', '180'),
   ('134', '2', '60', '5', '300'),
   ('134', '2', '65', '3', '195'),
   ('134', '5', '65', '4', '260'),
   ('134', '5', '65', '4', '260'),
   ('134', '5', '65', '4', '260'),
   ('134', '5', '65', '4', '260'),
   ('134', '5', '65', '4', '260'),
   ('135', '3', '65', '3', '195'),
   ('135', '3', '65', '3', '195'),
   ('135', '3', '70', '3', '210'),
   ('135', '3', '70', '3', '210'),
   ('135', '3', '75', '2', '150'),
   ('136', '4', '38', '5', '190'),
   ('136', '4', '43', '5', '215'),
   ('136', '4', '43', '5', '215'),
   ('136', '4', '45.5', '4', '182'),
   ('136', '4', '45.5', '5', '227.5'),
   ('137', '5', '65', '5', '325'),
   ('137', '5', '67.5', '4', '270'),
   ('137', '5', '67.5', '4', '270'),
   ('137', '5', '67.5', '4', '270'),
   ('137', '5', '67.5', '4', '270'),
   ('137', '2', '60', '3', '180'),
   ('137', '2', '60', '3', '180'),
   ('137', '2', '65', '2', '130'),
   ('137', '2', '62.5', '3', '187.5'),
   ('137', '2', '62.5', '3', '187.5'),
   ('138', '3', '65', '3', '195'),
   ('138', '3', '70', '3', '210'),
   ('138', '3', '70', '3', '210'),
   ('138', '3', '75', '2', '150'),
   ('138', '3', '75', '3', '225'),
   ('139', '4', '43', '5', '215'),
   ('139', '4', '43', '5', '215'),
   ('139', '4', '45.5', '4', '182'),
   ('139', '4', '45.5', '4', '182'),
   ('139', '4', '48', '3', '144'),
   ('140', '1', '100', '5', '500'),
   ('140', '1', '105', '4', '420'),
   ('140', '1', '110', '3', '330'),
   ('140', '1', '115', '2', '230'),
   ('140', '1', '120', '1', '120'),
   ('141', '5', '65', '5', '325'),
   ('141', '5', '65', '5', '325'),
   ('141', '5', '67.5', '5', '337.5'),
   ('141', '5', '67.5', '5', '337.5'),
   ('141', '5', '70', '4', '280'),
   ('141', '2', '55', '5', '275'),
   ('141', '2', '60', '4', '240'),
   ('141', '2', '60', '4', '240'),
   ('141', '2', '65', '2', '130'),
   ('141', '2', '65', '3', '195'),
   ('142', '3', '65', '5', '325'),
   ('142', '3', '70', '3', '210'),
   ('142', '3', '70', '4', '280'),
   ('142', '3', '75', '3', '225'),
   ('142', '3', '75', '3', '225'),
   ('143', '4', '38', '5', '190'),
   ('143', '4', '43', '5', '215'),
   ('143', '4', '43', '4', '172'),
   ('143', '4', '43', '5', '215'),
   ('143', '4', '43', '5', '215'),
   ('144', '1', '95', '5', '475'),
   ('144', '1', '95', '5', '475'),
   ('144', '1', '100', '4', '400'),
   ('144', '1', '105', '3', '315'),
   ('144', '1', '110', '2', '220'),
   ('145', '5', '67.5', '5', '337.5'),
   ('145', '5', '67.5', '5', '337.5'),
   ('145', '5', '70', '4', '280'),
   ('145', '2', '55', '5', '275'),
   ('145', '2', '60', '4', '240'),
   ('145', '2', '60', '4', '240'),
   ('145', '2', '65', '3', '195'),
   ('145', '5', '70', '4', '280'),
   ('145', '5', '72.5', '3', '217.5'),
   ('145', '2', '67.5', '1', '67.5'),
   ('146', '3', '65', '5', '325'),
   ('146', '3', '70', '4', '280'),
   ('146', '3', '75', '3', '225'),
   ('146', '3', '75', '3', '225'),
   ('146', '3', '75', '3', '225'),
   ('147', '4', '43', '5', '215'),
   ('147', '4', '43', '5', '215'),
   ('147', '4', '45.5', '4', '182'),
   ('147', '4', '48', '3', '144'),
   ('147', '4', '48', '5', '240'),
   ('148', '1', '95', '5', '475'),
   ('148', '1', '100', '5', '500'),
   ('148', '1', '105', '5', '525'),
   ('148', '1', '110', '3', '330'),
   ('148', '1', '115', '3', '345'),
   ('149', '3', '55', '10', '550'),
   ('149', '3', '65', '8', '520'),
   ('149', '3', '65', '8', '520'),
   ('149', '3', '65', '8', '520'),
   ('150', '5', '55', '8', '440'),
   ('150', '5', '55', '10', '550'),
   ('150', '5', '55', '10', '550'),
   ('150', '5', '55', '12', '660'),
   ('150', '2', '50', '8', '400'),
   ('150', '2', '50', '10', '500'),
   ('150', '2', '50', '10', '500'),
   ('150', '2', '50', '12', '600'),
   ('151', '3', '45', '12', '540'),
   ('151', '3', '55', '10', '550'),
   ('151', '3', '55', '10', '550'),
   ('151', '3', '55', '10', '550'),
   ('152', '4', '33', '12', '396'),
   ('152', '4', '38', '12', '456'),
   ('152', '4', '38', '12', '456'),
   ('152', '4', '43', '8', '344'),
   ('153', '1', '95', '8', '760'),
   ('153', '1', '95', '8', '760'),
   ('153', '1', '95', '10', '950'),
   ('153', '1', '95', '10', '950'),
   ('154', '5', '55', '10', '550'),
   ('154', '5', '55', '10', '550'),
   ('154', '5', '55', '12', '660'),
   ('154', '5', '55', '12', '660'),
   ('154', '2', '50', '10', '500'),
   ('154', '2', '50', '10', '500'),
   ('154', '2', '50', '12', '600'),
   ('154', '2', '50', '12', '600'),
   ('155', '3', '55', '10', '550'),
   ('155', '3', '65', '8', '520'),
   ('155', '3', '65', '8', '520'),
   ('155', '3', '65', '8', '520'),
   ('156', '4', '33', '14', '462'),
   ('156', '4', '38', '10', '380'),
   ('156', '4', '38', '12', '456'),
   ('156', '4', '38', '12', '456'),
   ('157', '1', '75', '12', '900'),
   ('157', '1', '95', '8', '760'),
   ('157', '1', '95', '8', '760'),
   ('157', '1', '95', '10', '950'),
   ('158', '5', '55', '10', '550'),
   ('158', '5', '55', '12', '660'),
   ('158', '5', '55', '12', '660'),
   ('158', '5', '60', '10', '600'),
   ('158', '2', '45', '12', '540'),
   ('158', '2', '50', '8', '400'),
   ('158', '2', '50', '10', '500'),
   ('158', '2', '50', '12', '600'),
   ('159', '3', '45', '12', '540'),
   ('159', '3', '55', '8', '440'),
   ('159', '3', '55', '10', '550'),
   ('159', '3', '55', '12', '660'),
   ('160', '4', '33', '14', '462'),
   ('160', '4', '38', '10', '380'),
   ('160', '4', '38', '12', '456'),
   ('160', '4', '38', '14', '532'),
   ('161', '3', '65', '5', '325'),
   ('161', '3', '65', '6', '390'),
   ('161', '3', '65', '6', '390'),
   ('161', '3', '65', '7', '455'),
   ('161', '1', '95', '8', '760'),
   ('161', '1', '95', '8', '760'),
   ('161', '1', '100', '8', '800'),
   ('161', '1', '105', '8', '840'),
   ('162', '5', '55', '12', '660'),
   ('162', '5', '55', '12', '660'),
   ('162', '5', '60', '10', '600'),
   ('162', '5', '60', '10', '600'),
   ('162', '2', '50', '10', '500'),
   ('162', '2', '50', '12', '600'),
   ('162', '2', '55', '8', '440'),
   ('162', '2', '55', '10', '550'),
   ('163', '3', '55', '8', '440'),
   ('163', '3', '55', '10', '550'),
   ('163', '3', '55', '12', '660'),
   ('163', '3', '60', '12', '720'),
   ('164', '4', '38', '10', '380'),
   ('164', '4', '38', '12', '456'),
   ('164', '4', '40.5', '8', '324'),
   ('164', '4', '40.5', '10', '405'),
   ('165', '1', '85', '12', '1020'),
   ('165', '1', '85', '12', '1020'),
   ('165', '1', '85', '12', '1020'),
   ('165', '1', '95', '10', '950');
